Paciente,Tos,Moco,Fiebre,Dolor abdominal,Presión alta
P015,1,0,0,0,0
P075,0,0,1,0,0
P021,1,0,0,0,1
P082,1,1,0,0,0
P068,0,1,1,0,0
P064,0,0,1,0,0
P057,0,0,0,1,0
P048,0,0,1,1,0
P066,0,1,0,0,0
P094,1,0,0,0,1
P097,0,1,0,0,0
P079,0,0,1,0,1
P041,0,0,0,1,0
P035,0,0,0,0,1
P001,1,1,1,0,0
P090,0,0,0,0,0
P078,1,1,1,0,0
P072,1,0,1,1,0
P027,0,0,0,0,1
P052,0,0,1,1,0
P089,0,0,0,0,0
P012,1,1,0,0,0
P050,0,0,0,1,0
P019,1,1,0,0,1
P056,0,0,0,1,0
P088,1,0,0,0,0
P022,0,0,0,0,0
P081,0,0,0,0,0
P077,0,1,1,0,0
P023,0,0,0,0,0
P065,0,0,1,0,1
P058,0,0,1,1,0
P005,1,1,1,0,0
P063,0,1,1,1,0
P026,0,1,0,0,1
P025,0,0,0,0,1
P053,0,0,0,1,0
P100,0,0,1,0,1
P095,0,0,0,1,0
P038,0,0,0,0,1
P071,0,0,0,1,0
P020,1,0,0,0,0
P047,0,0,0,1,0
P062,1,1,0,0,0
P046,0,0,0,1,0
P039,0,0,0,0,1
P074,0,1,1,1,0
P087,1,0,1,0,0
P017,1,1,0,0,0
P099,1,0,0,1,0
P030,0,0,0,0,1
P014,1,1,1,0,0
P037,0,0,0,0,1
P008,1,1,0,0,0
P043,0,0,0,1,0
P031,0,0,0,0,1
P067,0,1,1,1,0
P016,1,0,0,0,0
P010,1,1,1,0,0
P040,0,0,1,0,1
P002,1,0,1,0,1
P096,0,0,0,0,0
P013,0,1,0,0,0
P032,0,0,0,0,1
P093,1,0,1,0,0
P006,1,1,1,0,0
P009,1,1,1,0,1
P029,0,0,0,0,1
P045,0,0,0,1,1
P086,1,0,1,0,0
P070,0,0,1,0,0
P003,1,1,1,0,0
P061,0,0,1,0,1
P092,0,0,0,0,1
P033,1,0,0,0,1
P054,0,0,0,1,1
P036,0,0,0,0,1
P084,1,0,0,0,1
P044,0,0,0,1,0
P091,0,0,0,1,1
P059,1,0,0,1,0
P028,0,0,0,0,1
P042,0,0,1,1,0
P049,0,0,0,0,0
P034,1,0,0,0,1
P007,1,1,0,0,0
P024,0,0,0,0,1
P060,0,0,1,1,0
P018,1,0,0,0,1
P055,0,0,0,0,0
P083,0,0,0,1,1
P011,1,1,1,0,0
P098,0,0,0,0,0
P085,0,0,1,0,0
P073,0,1,1,0,0
P076,1,0,1,0,0
P051,0,0,1,1,0
P004,1,1,0,0,1
P069,0,1,1,0,0
P080,1,0,1,0,0
