id,cluster,match_score
1,0,1.000
2,0,0.000
3,11,0.833
4,0,0.000
5,27,1.000
6,0,0.000
7,2,1.000
8,0,0.000
9,27,1.000
10,0,0.000
11,0,1.000
12,0,0.000
13,11,1.000
14,0,0.000
15,11,0.833
16,0,1.000
17,0,1.000
18,0,0.000
19,27,1.000
20,0,0.000
21,0,1.000
22,0,0.000
23,11,1.000
24,0,0.000
25,27,1.000
26,0,1.000
27,2,1.000
28,0,0.000
29,27,1.000
30,0,0.000
31,0,1.000
32,0,0.000
33,11,0.833
34,0,0.000
35,11,0.833
36,0,1.000
37,0,1.000
38,0,0.000
39,27,1.000
40,0,0.000
41,0,1.000
42,0,0.000
43,6,1.000
44,0,0.000
45,27,1.000
46,0,1.000
47,2,1.000
48,0,0.000
49,27,1.000
50,0,0.000
51,0,1.000
52,0,0.000
53,11,1.000
54,0,0.000
55,27,1.000
